IPC,branch-instructions,branch-misses,branch-miss-rate,cache-misses,cache-miss-rate,cache-references,cycles,instructions,cpu-clock,page-faults,L1-dcache-loads,L1-icache-load-misses,LLC-load-misses,run_time,thread,size,workload,speedup
0.564,522261292.2,15735109.2,3.022,12241418.2,16.4586,74352384,4069937502,2293541608,1767.878,135968.6,1152318463,31297208.6,11904454.6,0.156,1,simsmall,blackscholes,1
0.57,522642437.8,15061663.4,2.92,12430011.2,17.0462,72929538,4100858708,2344875007,1779.012,136058.2,1177920451,31231246.2,12293052.8,0.088,2,simsmall,blackscholes,1.772727273
0.584,535687365.8,14904310.4,2.828,12453547.2,17.0954,72849503.8,4122147832,2401074837,1790.666,136096.4,1196023223,30921320.4,12397991.6,0.0546,4,simsmall,blackscholes,2.857142857
0.582,524214326.8,14801253.2,2.906,12240177.8,16.6114,73701316,3993678991,2325433677,1734.902,136085.4,1164150586,30068540,11768579.4,0.0364,8,simsmall,blackscholes,4.285714286
0.568,504016096.8,14838133.8,3.052,10657887.2,14.6108,73130875.6,4060792408,2309772302,1759.906,136089.8,1157495586,31297651.4,10259014.4,0.0278,16,simsmall,blackscholes,5.611510791
0.534,500993691,15254043.4,3.108,7023131.2,9.1376,76793941.4,4252892001,2266052059,1836.654,136213.8,1160112798,33855032.6,7175609.6,0.0296,32,simsmall,blackscholes,5.27027027
0.608,557179871.4,17125832.8,3.082,7196313.8,8.8774,81081313.2,4997443104,3042676511,2149.946,136290.6,1411318661,34306739.6,6798976.4,0.5442,1,simmedium,blackscholes,1
0.598,553510387,16618971.8,3.012,7444552.4,8.9776,82963693.2,4978994931,2980462499,2138.456,136195.8,1375282523,33592492.6,6870931.6,0.309,2,simmedium,blackscholes,1.761165049
0.632,597380860,16874623,2.854,10834489.4,13.4124,80925800.2,4877885252,3074904691,2099.11,136291,1434901383,31984407.2,10065555.6,0.1962,4,simmedium,blackscholes,2.773700306
0.642,650433345.4,16247911.8,2.542,12436318,15.7128,79154064.8,5043042078,3241575651,2177.16,136460.4,1508589510,31225657,11815179.4,0.1348,8,simmedium,blackscholes,4.037091988
0.646,628134181.2,15785565.6,2.532,12210549,15.6398,78138486.6,4968938773,3211194798,2139.724,136124.8,1483188007,30495466.8,11602913.2,0.0994,16,simmedium,blackscholes,5.474849095
0.63,662107262.6,15768167.4,2.442,11951658.4,15.2574,78368776.4,5108885599,3227141758,2222.342,136310,1516478426,30570613.8,11616369.8,0.0828,32,simmedium,blackscholes,6.572463768
0.756,1098518636,25512650,2.318,12754397,11.5292,111106588.8,9012654920,6783499923,3849.804,137372.8,2760843608,37229773.2,12353807.6,2.1598,1,simlarge,blackscholes,1
0.754,1066455537,24372516,2.298,12009218.8,10.9394,109829237.8,8839092916,6663877812,3778.348,137094.4,2727349187,36531707.8,11844986,1.2316,2,simlarge,blackscholes,1.753653784
0.75,1035533401,23972804.4,2.322,12289117.4,11.4446,107434860.2,8734723994,6548598536,3729.164,136826.8,2643659766,36811860.8,12183466.4,0.7664,4,simlarge,blackscholes,2.818110647
0.762,1017446642,21289923,2.094,12520608,11.8902,105277173.8,8567373494,6543380861,3665.28,137036.6,2653399308,32999228.4,12203397,0.4948,8,simlarge,blackscholes,4.364995958
0.772,1106407002,21338582,1.952,13637998.4,12.9372,105415233,8838988190,6819713633,3775.116,137149.2,2796899159,32439128.6,12316470.2,0.3844,16,simlarge,blackscholes,5.618626431
0.678,1002714670,20857385.6,2.078,8415292.8,7.8804,106980341.2,9665849777,6558788461,4170.464,137042.6,2661722515,35030456,7897041,0.3782,32,simlarge,blackscholes,5.710735061
0.692,617886028,15478964.6,2.606,12541998.4,14.9506,83884719.2,4837535421,3356574239,2089.518,138679.2,1500491521,31033788,12045644.6,0.431,1,simsmall,bodytrack,1
0.684,723747296.2,15053529.6,2.196,12884862.2,15.3178,84112366.8,5102982758,3495447023,2215.462,138818.2,1598140380,30528127.2,12023611,0.2554,2,simsmall,bodytrack,1.687548943
0.678,545338426,15273157.8,2.804,12394810.4,14.7816,83902256,4594699865,3112020857,1976.868,138750.2,1373113016,30459283.8,12094163,0.1678,4,simsmall,bodytrack,2.568533969
0.664,642650589.6,15264094.8,2.416,11773646.8,13.9448,84434260,4899371700,3264516302,2129.548,138895,1475261175,30846221.4,11895598,0.1262,8,simsmall,bodytrack,3.415213946
0.664,586392330.4,15537753.6,2.696,12321691.2,14.3368,85925109.4,4838277811,3212502708,2101.832,138972.8,1428295180,31472451.8,11962885.8,0.1104,16,simsmall,bodytrack,3.903985507
0.646,617650330.6,15680541.6,2.558,13147787,15.2012,86491861.4,5072055421,3277904831,2207.514,139273,1474155439,32305224.8,12823605.8,0.1106,32,simsmall,bodytrack,3.896925859
0.844,816507576.4,18041737.6,2.216,12576734.8,11.2414,111887158.2,6831044430,5762612756,2919.202,140672.2,2132976176,31502779.2,11892170,1.3292,1,simmedium,bodytrack,1
0.832,797472656.6,18066547.6,2.27,13305853.8,12.0582,110396602,6818090263,5671783496,2917.386,139980.8,2103624644,31809293.4,13331399.8,0.7418,2,simmedium,bodytrack,1.791857644
0.836,786273029.6,18423283.8,2.346,14055479.8,12.5798,111724769,6831056098,5732938748,2916.34,140125.2,2110971581,32723161,13516517,0.4448,4,simmedium,bodytrack,2.988309353
0.808,799056518.2,18144920.6,2.272,14179859.8,12.5568,112969801.8,7003053275,5662587583,3007.116,140114.2,2116640832,32287808.4,13212891.4,0.3042,8,simmedium,bodytrack,4.369493754
0.794,868794287.6,18752789,2.198,13903253.8,12.1552,114668644.4,7371700186,5830512988,3211.372,140021.2,2203544968,32777900.6,12973618.2,0.241,16,simmedium,bodytrack,5.515352697
0.756,857409290.4,18946399.2,2.216,14843511.6,12.7678,116297609.4,7614276162,5766026061,3306.682,140318,2195469798,34174741,14027333,0.2244,32,simmedium,bodytrack,5.923351159
0.992,1713010008,30599408.2,1.786,12842995.8,5.886,218319416,15030998220,14936982498,6392.284,145131,4656300630,38453638.2,12340950.4,4.7006,1,simlarge,bodytrack,1
0.988,1722405783,28603206.2,1.662,14518942,6.6678,217737445.6,15097343888,14877342114,6464.58,144054.6,4639217890,35780811.6,13740120,2.5834,2,simlarge,bodytrack,1.819540141
0.878,1719830465,30304699.6,1.762,10947393.4,4.9278,222114119.4,17085587728,14975945298,7734.002,143884.8,4625660536,38765593.2,10442336,1.8638,4,simlarge,bodytrack,2.522051722
0.922,1768539775,29843697.8,1.694,12194737.8,5.5248,220944742.4,16295574874,14980060428,7157.944,142143.6,4688705648,38251097.2,12022422.2,1.0252,8,simlarge,bodytrack,4.585056574
0.928,1849613643,29690905.8,1.614,15773056.8,7.1534,220531599.6,16351856406,15217217025,7134.222,142107,4809308859,38091655.4,15056228.2,0.631,16,simlarge,bodytrack,7.449445325
0.9,1867094622,30819419.2,1.666,17522927,7.8472,223296193.4,17100787157,15357757672,7577.454,142270.6,4863619570,39983023.2,16897506.4,0.5172,32,simlarge,bodytrack,9.088553751
0.454,880072826.6,34219654.4,3.898,25771204.8,17.6412,146124013.6,8222160580,3741416112,3515.462,144290,1948550994,44177555.6,25498331,1.9242,1,simsmall,canneal,1
0.446,894491938.2,36595613.2,4.128,25709411.2,17.0464,150841116,8564539316,3811261804,3667.302,144650.2,1977286027,48475682.2,24827252.8,1.738,2,simsmall,canneal,1.107134638
0.418,948336137,35324166,3.744,25182139.4,16.6304,151562953,9311612569,3895364184,3984.48,145912.8,2009054655,46628887.4,24837338.8,1.7714,4,simsmall,canneal,1.086259456
0.432,901775186.8,35278218.6,3.982,26440512,17.639,149921127.6,8921959121,3836107095,3813.362,144673.8,1975240713,46232215.2,25546058.4,1.599,8,simsmall,canneal,1.203377111
0.414,882958496.6,34624534,3.954,26763214.6,17.8864,149641450.2,9274611226,3811059564,3964.274,145053.2,1957676600,45409632,26068928.2,1.6824,16,simsmall,canneal,1.143723252
0.396,962379097,35323852.4,3.718,26485450.6,17.4698,151659792.4,10179854093,3988598017,4362.6,145184,2067638760,46061595.8,25477061.8,1.6034,32,simsmall,canneal,1.200074841
0.35,1405442352,58292667.6,4.2,49369641.4,19.935,247716231.2,17336893291,6123651516,7368.952,182636.2,3245694600,64263807,48229729.2,5.6538,1,simmedium,canneal,1
0.222,1350023099,58665629,4.36,48423211.8,19.609,247022928.8,27361371332,6025561271,11983.362,194011.8,3106776404,65088994,46646370.8,7.5542,2,simmedium,canneal,0.748431336
0.294,1290413453,57649935.4,4.466,48271521.6,19.6836,245355433,20619443723,5880309798,8911.856,174378.2,3034755720,60908263.4,46621120.2,4.7452,4,simmedium,canneal,1.191477704
0.288,1407386287,59438510.6,4.252,49478547.2,20.1198,246564485.6,24808534587,6182774010,10749.776,174994.8,3198087450,64271757.2,47523312.8,6.5108,8,simmedium,canneal,0.86837255
0.166,1352487896,61590355,4.554,49721116.4,19.4778,255358363.6,37069311706,6155976126,16175.976,201040.6,3181015069,72972376.4,48492376.6,8.7552,16,simmedium,canneal,0.645764803
0.348,1409211505,59108220,4.22,50429574.2,20.4442,246765745.4,17763328718,6170656185,7570.662,163657.4,3260728548,62801960.4,49351721.4,3.4022,32,simmedium,canneal,1.661807066
0.226,2331512889,110606815,4.744,106522809.2,22.5772,473921513.8,51743400040,10574873019,22549.532,440417.2,5432001083,111480385.6,100874548.4,21.5652,1,simlarge,canneal,1
0.264,2277475402,106403454.6,4.672,101205146,23.2126,436385854.8,41605523662,10301411732,18025.904,313442.4,5332350218,91549804.8,96600604,12.9632,2,simlarge,canneal,1.663570723
0.306,2289304708,116635332.8,5.098,101948340,22.6626,452704571.8,33549471264,10252265055,14198.204,248873.6,5360675742,110062861.6,97138545.4,8.6698,4,simlarge,canneal,2.487393019
0.312,2210783800,104702918.4,4.736,102276647.4,23.816,429448107,32232446100,10090973409,13636.582,213130.2,5254865433,88784842.6,97464604.8,7.5788,8,simlarge,canneal,2.845463662
0.27,2256695638,106606597,4.726,101823084,23.0204,442428255.4,39003311071,10225882947,16560.588,233151.6,5331158851,98163781.4,96309400.8,9.377,16,simlarge,canneal,2.299797377
0.292,2318500049,111252407.6,4.82,102911701.2,23.0074,447356862,35510986300,10370316953,15068.818,217046.8,5420913128,100402273.4,98380620,7.4848,32,simlarge,canneal,2.88119923
0.678,730683558.4,22023668.6,3.072,12150499.4,12.8372,94735820.4,5668400414,3841020537,2436.884,135428.2,1854061613,33519536.2,11936707.2,1.086,1,simsmall,swaptions,1
0.7,736713031.6,19666237.2,2.704,12827528.8,13.9472,92046427.6,5525298911,3861546320,2376.7,135598.2,1874702507,30125078.4,11826244.8,0.4128,2,simsmall,swaptions,2.630813953
0.694,716067601,20298785.4,2.848,12979273.8,14.0968,92118530.2,5550042874,3851722557,2381.466,135793,1867922458,31238729.2,12315361.2,0.2196,4,simsmall,swaptions,4.945355191
0.682,728957735.4,20388061.6,2.824,13611161,14.7352,92299054,5808631630,3962654450,2494.182,135687.8,1936428143,31114607.8,12830577,0.1354,8,simsmall,swaptions,8.020679468
0.632,844518221.4,21709473.4,2.588,14581309,15.1336,96299612.2,6844629729,4293399264,2946.992,135850.8,2150647309,32203086.6,13742505.2,0.1042,16,simsmall,swaptions,10.42226488
0.558,460780554,13849607,3.072,12526252,18.0162,69570732,3519043064,1965131781,1528.61,135217.4,1025811454,29551607.4,12508581.4,0.004,32,simsmall,swaptions,271.5
0.834,1489686300,37322213.2,2.516,12534522.8,8.1424,154018512.2,11232691850,9390685820,4780.586,135730.8,4298058725,34737595.6,11825137.2,3.2064,1,simmedium,swaptions,1
0.84,1532747324,36568318.4,2.402,12943671.6,8.4356,153590597.8,11382868814,9557974039,4843.14,135685.6,4384330158,33553426.6,12122501.4,1.614,2,simmedium,swaptions,1.9866171
0.82,1487259956,39015036.8,2.624,13241329.4,8.681,152635025.6,11559529511,9480668353,4923.028,135655.6,4352695205,36562119.4,12946202,0.861,4,simmedium,swaptions,3.724041812
0.816,1489803676,37529108.6,2.518,13185367.4,8.5574,154025860.8,11581551457,9441276323,4930.528,135906.6,4334441952,35227749.6,13051829.8,0.4424,8,simmedium,swaptions,7.247739602
0.718,1733057034,42037905.4,2.428,16389164.8,10.012,163416731.2,14500563073,10388070165,6219.684,135981.6,4923708185,39384354.2,16396821.6,0.319,16,simmedium,swaptions,10.05141066
0.492,2304767853,51667287,2.252,24174655,12.7676,189120238.8,25641795701,12448986179,11113.942,136151.4,6221521229,47550237.4,23697498,0.3454,32,simmedium,swaptions,9.283149971
0.92,4417485592,110894907.4,2.51,12694091.6,3.1848,398755832.2,33973944645,31277060310,14356.592,135959.2,13870829474,53350027,12262203.4,12.867,1,simlarge,swaptions,1
0.92,4422542085,104714782.6,2.368,13452147.8,3.4118,394333601.8,34017113249,31313498301,14369.744,136033,13908866208,48528106.6,12154402.8,6.4448,2,simlarge,swaptions,1.996493297
0.914,4573645986,105140342.2,2.298,13504634.6,3.4578,390603808,34654187225,31720204508,14659.488,136187.8,14148398095,48058653.8,12246596.4,3.253,4,simlarge,swaptions,3.955425761
0.868,4766986857,109946618.8,2.308,17353010.6,4.2896,403751032,37627304543,32692340363,15943.956,136083.8,14779603770,51863553.6,16863530.8,1.8522,8,simlarge,swaptions,6.946873988
0.81,5101829082,116134418,2.274,22057801.6,5.2294,421724505.2,41834969465,33895329693,17760.968,136309.4,15543811994,57371466,21245128,1.0602,16,simlarge,swaptions,12.13638936
0.598,5891565767,133581999.6,2.27,34286989.4,7.364,465098840.2,62153829017,36898204396,27061.584,136265.4,17434013593,72295896.8,32545152,0.8704,32,simlarge,swaptions,14.78285846
0.954,914584792.4,15437187,1.706,12121856.4,12.4654,97299517.2,6267947063,5969783393,2696.562,139637.4,2107052796,31448076.8,11876027.8,1.107,1,simsmall,vips,1
0.942,902591442,15385704.4,1.71,14102516.2,14.1932,99382508.6,6211447235,5853668232,2668.684,140746.4,2070274397,31622000.6,13371012.4,0.5688,2,simsmall,vips,1.946202532
0.944,874440933.2,15504111.4,1.776,14162907.2,14.159,100036959.4,6172673408,5828222484,2647.048,141435.4,2053384759,30789145.8,13533248.6,0.3654,4,simsmall,vips,3.02955665
0.9,873588322,15811091,1.814,14312850.6,14.233,100570515.6,6448348609,5803160362,2826.644,143395,2032735614,32055567.6,13996904.2,0.2508,8,simsmall,vips,4.413875598
0.88,872037333.8,16047976.6,1.846,14994650.4,14.4344,103886608.8,6655083458,5851340961,2941.124,147183.2,2078328059,33792724.6,14408410.2,0.1772,16,simsmall,vips,6.24717833
0.818,982815769.4,16974032.6,1.754,15937446,14.4594,110236137,7440208828,6083435418,3336.642,154398.6,2234026528,36044594.2,15585348.6,0.202,32,simsmall,vips,5.48019802
1.212,1783503662,18300700.2,1.03,15477112.4,9.702,159548110.4,11444951343,13884749144,4881.688,146034.6,4160259076,34300760.4,14864805.4,3.289,1,simmedium,vips,1
1.208,1775008960,18502269.8,1.044,15961685.6,9.9082,161073682.2,11493054521,13871948162,4897.29,147104.4,4151675528,34525792.4,14949434,1.674,2,simmedium,vips,1.964755078
1.206,1754074730,18524368,1.058,15610351.4,9.8146,159013696.2,11556840134,13930738373,4923.074,146694.4,4150918172,34701277,15342977.8,0.9754,4,simmedium,vips,3.371949969
1.156,1826028883,18735510.4,1.028,16909648.8,10.384,162838526.2,12165876735,14034812769,5276.046,148775.4,4261643057,34526242.6,15250185.8,0.521,8,simmedium,vips,6.312859885
1.12,1790323330,19543729.4,1.094,17200478.2,10.314,166776818.6,12551031025,14045192073,5531.47,153363.8,4204760599,37127512.6,16907233.8,0.3442,16,simmedium,vips,9.555490994
1.02,1836744262,21080672.4,1.148,19785706.6,11.225,176258340,13917458291,14156682789,6281.41,162382.6,4345906262,40666893.8,18563087,0.3194,32,simmedium,vips,10.29743269
1.406,4110329483,25312008.6,0.616,19361440.2,7.0276,275480114.2,24981134317,35137732317,10603.952,160154.6,9650818369,41683058,19594331.4,8.8474,1,simlarge,vips,1
1.394,4142736647,25591393,0.618,19395868,7.0388,275537325.8,25283758982,35220195882,10735.612,161366.2,9692072589,41706339.2,19526013.8,4.5082,2,simlarge,vips,1.962512755
1.376,4221795834,25541616.4,0.606,20494577.6,7.3412,279162141.6,25708457852,35362118014,10926.65,162109.4,9809373578,41760281.6,19334056.8,2.3296,4,simlarge,vips,3.797819368
1.33,4087468355,26439896,0.646,21791216.6,7.6936,283238350.8,26339398388,35085671050,11290.52,167487.6,9659482945,45050957.4,20912818.4,1.2952,8,simlarge,vips,6.830914145
1.304,4155735544,27162404,0.652,22439652.2,7.8136,287201579.8,27083969440,35289520582,11755.44,168475,9753908279,45685676.6,21681291.4,0.7506,16,simlarge,vips,11.78710365
1.196,4167016231,29958826.4,0.718,26667782.2,8.7948,303209548.6,29832383752,35625378444,13428.324,179338,9906506674,50720707.6,25253991.2,0.5646,32,simlarge,vips,15.670209
0.63,508549282.2,17003064.4,3.36,13600376,15.7036,86629221.2,4208459852,2650969124,1818.03,138423.6,1319196815,33065075.2,12807523,0.2954,1,simsmall,x264,1
0.628,596257047,17099698,2.998,13948983.8,16.1776,86244299.8,4541351313,2865850883,1982.23,140087.2,1446718527,33171563,13168837.4,0.1928,2,simsmall,x264,1.532157676
0.632,559057744.4,16969266.4,3.134,13451649.6,15.4024,87403949,4439348980,2805008882,1919.06,140867,1411085721,33931309,12468126.6,0.2026,4,simsmall,x264,1.45804541
0.622,474056542.4,17223053.2,3.64,13800724.4,15.9728,86433508.4,4136715830,2564229549,1789.158,141426.6,1290997462,33540245.8,12806149.6,0.1366,8,simsmall,x264,2.162518302
0.632,539501798.8,17030965.8,3.22,14167198.8,16.2338,87299221,4333942693,2752662149,1874.646,141438.4,1373953117,32945526,13034330.4,0.1388,16,simsmall,x264,2.128242075
0.628,528579251.8,17045427.4,3.254,13822702.2,15.945,86788992,4419458385,2769975001,1909.474,142114.4,1393980938,34375668.6,13869830.6,0.2586,32,simsmall,x264,1.142304718
0.87,705241938.2,32202197,4.576,16367922.2,10.4392,156874716,6898250856,6000860954,2949.462,138647.6,2883980914,52463885.4,15393124.4,1.399,1,simmedium,x264,1
0.866,793143498,32100609.4,4.124,16395938.4,10.4826,156442234.6,7286486574,6289649860,3133.452,140270.6,3024043151,53184098.2,16412278.2,0.8106,2,simmedium,x264,1.725882063
0.848,778372050,32442173.8,4.292,16489249,10.3954,158830513,7346424774,6218799244,3160,141811.8,3009224704,53509617.4,15895437.2,0.4624,4,simmedium,x264,3.025519031
0.84,781150022.6,32714240.8,4.234,17375851.8,10.909,159252681.2,7430358742,6243986618,3190.854,144436,3028987647,54086574,16557572.4,0.3556,8,simmedium,x264,3.934195726
0.824,764225156.2,33733785.4,4.442,17397597,10.8232,160754137.6,7558726959,6217365615,3280.47,149640,3002819726,55585817.8,16935992.2,0.3308,16,simmedium,x264,4.229141475
0.808,783448170.8,34474717.4,4.506,18514824.2,11.2072,165223043.6,7818554416,6320440447,3409.222,156078,3049964922,56741550.2,17655865.6,0.649,32,simmedium,x264,2.155624037
1.08,1288466243,67770492.4,5.27,25155891.6,7.0208,358320428.4,14012263784,15141550440,5955.702,143316.4,6961032075,101470294,24947124.6,4.381,1,simlarge,x264,1
1.05,1256784642,66458195.2,5.29,25924007.8,7.3574,352394628.8,14530390479,15272998699,6168.94,140483,6949844729,102832463,25086062.4,2.371,2,simlarge,x264,1.847743568
1.032,1334266671,67053306.4,5.048,26905425.4,7.5762,355193899.4,14993471964,15431933806,6385.352,142241.2,7050260398,103911852,26039411,1.2944,4,simlarge,x264,3.384579728
1.02,1301186709,67867151,5.224,28513154.2,7.962,358231543.2,15041373509,15370727909,6429.52,145567,7039220298,105671189.4,27693916,0.7708,8,simlarge,x264,5.683705241
0.964,1359275707,72769622.4,5.388,29404045.8,8.0554,365011138,16069026037,15494591588,6967.312,151241.4,7070595412,111605468.4,28447657.2,0.9166,16,simlarge,x264,4.779620336
0.952,1296864932,73666156.6,5.682,30341960.6,8.3456,363558477,16154898543,15375945107,7042.738,162634.8,7000771556,112484044.4,29038107,0.817,32,simlarge,x264,5.362301102
0.676,668944486.4,28945665.2,4.332,12467375.8,13.629,91515499,5254516328,3545095103,2253.774,141704.6,1672776320,30574031.8,12121994.4,0.5166,1,simsmall,ferret,1
0.68,757245219.4,29117517.4,3.908,12380905.2,13.5012,91465854.4,5541767813,3769434304,2389.676,141950.2,1792826845,31125553.2,11853590,0.2894,2,simsmall,ferret,1.785072564
0.662,721196534.8,29240070,4.094,13663861.8,14.8026,92307984.6,5503170790,3638539394,2380.33,142288.2,1726471274,31020011.2,12967611.2,0.2032,4,simsmall,ferret,2.542322835
0.664,699868941,29509488,4.242,14035581.2,15.2512,92050781.6,5532196602,3675579959,2384.596,143309.4,1727732663,31436064.4,13495544,0.1934,8,simsmall,ferret,2.67114788
0.668,704950529,29808479.2,4.26,14033459.8,14.9086,94113662.4,5520742826,3687477345,2391.1,144286.8,1738557061,30906438.2,13356620,0.1954,16,simsmall,ferret,2.643807574
0.66,709985269.2,29449612,4.194,13827059.2,14.6226,94588958.8,5675338100,3726126941,2447.862,144183.2,1760507440,32176002,13472220.6,0.1992,32,simsmall,ferret,2.593373494
0.742,1284396524,60004712.2,4.704,18098145.2,12.248,147763558.8,10223167499,7583011413,4361.894,152264.4,3420238295,33710359,17613962.8,1.4798,1,simmedium,ferret,1
0.744,1258831635,59675188.4,4.754,17559902.4,12.0422,145856526.2,10195605360,7580184375,4356.252,151676,3391471301,34173774.6,17451923.2,0.7972,2,simmedium,ferret,1.856246864
0.736,1284265564,60186090.6,4.734,18734596.8,12.6042,148653743.6,10538581685,7742319940,4500.396,159006.6,3457299970,34310275.8,18059848.8,0.46,4,simmedium,ferret,3.216956522
0.718,1321273525,61130301.8,4.656,18824939.4,12.4514,151195116.8,10845749255,7761680940,4665.386,160617.8,3481984233,35037736.2,18353727.8,0.3234,8,simmedium,ferret,4.575757576
0.694,1295547187,61731882,4.77,19324669.4,12.6264,153035897.2,10948820550,7617131517,4732.84,161421.2,3427957160,35242929.2,18336852.8,0.3128,16,simmedium,ferret,4.730818414
0.7,1356426212,60250052,4.458,20346027.2,13.2014,154046044.6,11205254289,7841031163,4844.564,163832,3527343166,35101888.6,19871386.8,0.3226,32,simmedium,ferret,4.587104774
0.76,4154924856,204159701.6,4.92,63547892.4,15.3854,413034130.2,36725096797,27866121692,15560.118,159606.4,11978388942,42287358.4,62581195,6.1386,1,simlarge,ferret,1
0.722,4087381962,206102527.2,5.048,63297510.4,15.1052,419067494.4,38430651616,27701037228,16304.656,154302.4,11885817525,45637325.6,62388651.8,3.3492,2,simlarge,ferret,1.832855607
0.702,4059343879,206971405.2,5.098,64268344,15.233,421899857.4,39292169459,27653290470,16673.978,155126.2,11824760661,45642367,63038640,1.8954,4,simlarge,ferret,3.238683128
0.634,4072337293,208182136.4,5.118,68951734.8,15.6862,439063314.2,43678667575,27640786551,18679.08,153705.8,11745070962,49867051.8,67823732.6,1.2714,8,simlarge,ferret,4.828220859
0.578,4097210481,209223037,5.11,66447894.6,15.313,433744338.8,48015944018,27730899442,20508.86,154921.2,11726173788,51766742.6,65361324.6,1.1614,16,simlarge,ferret,5.285517479
0.6,4094425334,210271941,5.14,65228844.4,14.9384,436622223.8,46497128987,27809833657,19865.142,160651,11746158144,52525985.4,64110909.2,1.157,32,simlarge,ferret,5.305617978
0.686,655338593.4,25193930.2,3.866,14044024.8,18.3234,76698640.6,5064528533,3483624271,2176.29,138478.6,1642167234,31103771.6,13660400.2,0.5806,1,simsmall,fluidanimate,1
0.678,682396174.6,26315801.4,3.892,14737506.2,18.769,78534650.6,5248122652,3555291376,2261.378,145379.6,1683625701,31276413.4,14587337.4,0.39,2,simsmall,fluidanimate,1.488717949
0.68,701186911.8,26697260.2,3.822,15096779.4,18.7062,80690033.8,5321014002,3607086388,2286.872,146009,1708730174,31746918.2,14342201.6,0.2776,4,simsmall,fluidanimate,2.091498559
0.654,714006893.6,28917055.2,4.072,15613815.8,18.4162,84786812.8,5658865328,3688877251,2422.568,151471.4,1767801214,32891132.2,14873171.6,0.2596,8,simsmall,fluidanimate,2.23651772
0.652,772695485.2,29571675.6,3.846,16495325.8,18.789,87777490.2,6142151571,4003470483,2632.656,161117.4,1918392439,34455141.6,15387293.4,0.2772,16,simsmall,fluidanimate,2.094516595
0.586,944390968,32115135.4,3.418,17888852.6,18.5816,96243762.2,8132907345,4752860514,3509.004,171348.8,2279327620,37840953.2,16903548.6,0.3694,32,simsmall,fluidanimate,1.571737953
0.768,934334256.6,38548583.8,4.132,16353624.4,16.9826,96252166.2,6934183375,5339410276,2972.344,147134.4,2364030849,32046817,15849186.4,1.365,1,simmedium,fluidanimate,1
0.762,915264368.8,41139912.2,4.496,16321476.2,16.9104,96560985.4,6947156496,5294951985,2968.742,142616.4,2366671262,32622761.6,15755043.2,0.8432,2,simmedium,fluidanimate,1.618833017
0.746,1010841869,40700040.8,4.052,15939064.2,16.2632,98018034,7401242854,5518559510,3175.18,152066,2493032120,33345402.6,15811758,0.579,4,simmedium,fluidanimate,2.357512953
0.724,986519386.6,43459732.6,4.41,18292005.4,17.677,103473543.4,7917385162,5730587794,3380.562,164425.6,2602021112,34543785.8,17722700.2,0.5012,8,simmedium,fluidanimate,2.723463687
0.684,1070168915,43955652.8,4.106,18780878.6,17.6678,106278127.6,8908390799,6088759705,3817.1,170745,2767681099,35329710,18040717.8,0.4582,16,simmedium,fluidanimate,2.97904845
0.612,1315051350,47338793.4,3.61,20511279.8,17.979,114156610,11474967968,7026925863,4998.64,176357.6,3253517938,38179063,20202384.6,0.505,32,simmedium,fluidanimate,2.702970297
0.916,1869456360,84861063,4.558,25539057.8,21.3698,119842259.2,13187254209,12073831219,5603.334,186390,5003841347,34380628.4,24501279.6,4.0114,1,simlarge,fluidanimate,1
0.85,1897859647,93031822.2,4.908,28162956,21.8892,128928835,14381068883,12208788524,6098.728,183245.8,5176715385,38539089.6,27228355.4,2.617,2,simlarge,fluidanimate,1.532823844
0.852,1936588897,92759590.4,4.79,25496167.8,19.8746,128513217,14745197940,12557012537,6252.472,191416.4,5302327236,39668675.6,25437220.6,1.7368,4,simlarge,fluidanimate,2.309649931
0.8,2080054906,95894204.4,4.614,25935334.2,20.3862,127182796.4,16291480694,13048550932,6919.538,200719.6,5612964440,38599660.4,25661213,1.3536,8,simlarge,fluidanimate,2.963504728
0.722,2287027386,96339618.4,4.236,27312015.2,20.6592,132275148.4,18941500775,13681743422,8084.98,189357.4,5995952932,38028978,26277043.2,1.127,16,simlarge,fluidanimate,3.559361136
0.618,2476999943,103692253.2,4.192,32474982,21.6008,150554344.8,24199775405,14865061331,10445.816,234708.6,6565354951,44092519,31430384.6,1.2626,32,simlarge,fluidanimate,3.177094884
0.694,601926864.2,14585162,2.444,12711691.6,13.8696,91643643.2,4563998303,3173432028,1970.434,135283.4,1499357329,29394384.2,12088823.8,0.3914,1,simsmall,streamcluster,1
0.69,631494892.6,14851112,2.354,13791418.6,15.3456,89855045.2,4878591718,3367117599,2103.59,135492.2,1604041494,29888412.4,12981588,0.2378,2,simsmall,streamcluster,1.645920942
0.636,783175695.8,15417132.6,1.99,14860166.4,15.5716,95454551.2,6297522840,4005488850,2729.35,135549.4,1911508593,30281891.8,13852171.6,0.3046,4,simsmall,streamcluster,1.284963887
0.564,1339356378,17159538.2,1.282,16768410.4,15.9932,104817467,11611431349,6539089264,5041.11,135892.4,3177860493,34560780.4,16040082.4,0.4736,8,simsmall,streamcluster,0.826435811
0.406,3195712325,22323563.4,0.698,23809292.4,17.0386,139532448.6,36114284957,14508274180,15642.086,135701.2,7549418564,46964948.8,23087213.4,0.9536,16,simsmall,streamcluster,0.410444631
0.274,15395986608,50510366.6,0.326,59778437.6,17.6286,339132449,2.40401E+11,66199483238,103750.696,136388.6,38662549080,135670788.2,58288712.8,3.7804,32,simsmall,streamcluster,0.103534018
0.784,736136251,16031860.4,2.184,23775771.8,15.6468,152130627.6,8013935645,6284615425,3420.392,136354.6,2974998273,30506263.4,22955645.4,1.8924,1,simmedium,streamcluster,1
0.794,720428714,16229783,2.258,15951736.2,10.597,150524070.2,7939514547,6291761015,3383.102,136044,2926107436,31139793,15528828.6,0.9634,2,simmedium,streamcluster,1.964293129
0.724,966183543.8,16992603,1.762,15702033.4,10.0196,156727290.2,10170612871,7356698211,4366.778,135928.2,3403180494,32075970.6,15412824.2,0.7378,4,simmedium,streamcluster,2.564922743
0.61,1564065365,18894205.8,1.208,18029986.4,10.9534,164676641,16568629827,10137845263,7133.382,136167.2,4775756095,36311229.4,17229501,0.771,8,simmedium,streamcluster,2.454474708
0.414,3666700472,25177528.2,0.686,27985422.6,13.4208,208676739.8,46495127951,19171808802,20080.806,136895,9862252103,52199602.6,26900600.6,1.269,16,simmedium,streamcluster,1.491252955
0.306,19906335392,56563025,0.286,71404083.4,16.3464,434392110.6,2.90435E+11,88699446976,125437.458,137294.2,49698216646,155539267.8,69995092.2,4.7154,32,simmedium,streamcluster,0.401323324
0.788,1285044283,18827563.2,1.472,75020804.6,18.1556,413206636.2,26966176005,21185668494,11425.604,138668.4,10393124067,33482499.8,74517518.4,9.8762,1,simlarge,streamcluster,1
0.776,1274340654,19452773,1.53,79499063.8,19.0894,416461288.4,27483490777,21337220797,11637.256,137662.8,10588666189,33727598.8,78722250.6,5.0992,2,simlarge,streamcluster,1.936813618
0.72,1637026513,20393433.6,1.248,88481555.6,20.275,436444966.4,31750282723,22863324777,13480.012,137458.8,11364502503,36550159.2,87562814.4,3.061,4,simlarge,streamcluster,3.226461941
0.686,2507179323,23078464.6,0.92,64379521.2,14.4678,444978077.4,38904270876,26655791531,16584.732,136548.6,12902511140,42285487.2,63974035.8,1.9804,8,simlarge,streamcluster,4.986972329
0.522,6558240840,30655389.4,0.502,44880375.8,8.8942,504582235,84674987071,44513905225,36480.172,137027.2,21831195020,62675424.8,44589279.2,2.3966,16,simlarge,streamcluster,4.120921305
0.348,26992571187,70209572.4,0.264,99107782.2,12.7386,771740006.4,3.84755E+11,1.3228E+11,166356.06,137917.8,70438685534,177432754.6,97541601,6.307,32,simlarge,streamcluster,1.565910893
1.034,4060859307,98103069,2.416,19665422.8,5.4714,360160872.2,23291075160,24091623021,9892.258,166935.8,11847574515,121821658,19445981.2,8.2024,1,simsmall,raytrace,1
1.034,4085228215,96992023.6,2.376,20011914.2,5.6604,354055142.2,23364979316,24168933940,9903.62,179282.2,11877841149,119541945.8,18926537,8.0286,2,simsmall,raytrace,1.02164761
1.016,4132343747,101204583.4,2.454,19320246.6,5.5184,350083441.6,23994825586,24331697489,10191.87,167505.2,11974527915,128205928.4,18445181.4,8.0952,4,simsmall,raytrace,1.013242415
1.014,4089917283,103088181.8,2.522,20153202.8,5.7968,347832772.4,23918565298,24204060098,10167.376,166808.6,11927659205,128926402,19840323.6,8.0402,8,simsmall,raytrace,1.020173628
1.032,4148375469,101825191.2,2.458,21140507.4,6.0494,349543189,23586955540,24419861722,10011.058,171339.2,12027247378,127022829,20251870.4,7.8638,16,simsmall,raytrace,1.043058064
1.03,4162956671,97398052.4,2.338,20381114.2,5.775,353041294.6,23720459872,24368805055,10077.158,176375.2,11991022209,121180102,18977806.4,7.8568,32,simsmall,raytrace,1.043987374
1.064,4041531822,104363316,2.582,20226162.8,5.7142,354093702.6,24477389208,26075035355,10358.496,166671.4,12785359019,127624791.4,19832786,8.7866,1,simmedium,raytrace,1
1.064,4049824271,98629202.8,2.436,21161379.2,5.9078,358348117,24598085835,26134893884,10405.39,178429.2,12794300205,118537319,19936875,8.316,2,simmedium,raytrace,1.056589707
1.052,4221216061,102192169.6,2.422,20383733.8,5.5242,369540473,25232336193,26516593768,10728.674,179174.2,13048093867,124697673.4,19354591.8,8.1342,4,simmedium,raytrace,1.080204568
1.054,4069845231,107282718.8,2.638,20502241.2,5.8024,353412659.2,24687262244,26090445311,10492.472,166732.2,12808232815,128068658.2,20315670.2,7.9062,8,simmedium,raytrace,1.111355645
1.05,4066239082,101025340.8,2.486,20504977,5.7162,360022808.6,24905969301,26145352718,10600.696,173468,12798192583,120837800.8,20696582.6,7.8454,16,simmedium,raytrace,1.119968389
1.044,4137031573,103860294.6,2.516,21176897.6,5.8998,359038060,25128977212,26244936524,10721.154,165914.4,12870743352,120674833.6,20250334.2,7.7326,32,simmedium,raytrace,1.136306029
1.086,4197688839,108187219.4,2.58,20022918.4,5.65,354504127.2,28212814772,30687557699,11947.88,168054.4,15039342907,123387156.2,19424662.6,10.1872,1,simlarge,raytrace,1
1.088,4152113471,104467441.6,2.514,21700871.2,6.0584,358279516.8,28274860725,30745120623,11967.066,170848.8,15034461751,117803779.2,20601256,8.9534,2,simlarge,raytrace,1.137802399
1.082,4112188430,113036453.8,2.748,22011486,6.1234,359574467.2,28342958236,30635485075,11987.706,165415,14989063680,127630460.4,21231432.4,8.3608,4,simlarge,raytrace,1.218447995
1.062,4148516551,108993029.6,2.628,22785577.2,6.1472,370909422.8,29009824119,30787824545,12335.13,171946.4,15072682511,127616061.2,22074779.6,8.1616,8,simlarge,raytrace,1.24818663
1.036,4159611665,112585915,2.708,21066156.8,5.7364,367533057.2,29536718929,30671921669,12609.978,175323.8,15020249372,130177371.8,20554882.8,7.9888,16,simlarge,raytrace,1.275185259
0.998,4176282685,115710417.8,2.77,21196615.8,5.7462,369091708.4,30657336804,30680512939,13220.71,171645.6,15015149027,130112449.4,22298673.6,7.928,32,simlarge,raytrace,1.284964682
1.18,2679677707,91596074.2,3.424,40897110.6,8.227,497009945,25795589306,30455755790,10927.734,204087,13864726762,104956225.8,39675490.2,9.0584,1,simsmall,facesim,1
1.132,2653036141,91820572.8,3.462,35152737.6,7.2078,487716418.8,26778032962,30291187735,11343.786,213118.2,13811663026,104355901.2,34456295.6,6.5076,2,simsmall,facesim,1.391972463
1.156,2715715930,89795912.2,3.314,34287719.2,7.1372,480404909.8,26706559879,30814275473,11333.968,200353.2,14024211377,102260091,33596242.2,4.9076,4,simsmall,facesim,1.845790203
1.092,2726691505,88689714.2,3.254,35668181.6,7.3614,484554590.2,28097321077,30755994881,12044.778,198749.8,14055890612,105643724.4,35154342.2,4.2876,8,simsmall,facesim,2.11269708
0.996,2811745297,91813144,3.268,37418648.6,7.495,499410793.8,31655309530,31471559487,13698.696,204743,14394931252,118429162.2,37200001.4,4.1196,16,simsmall,facesim,2.198854258
0.836,2867534379,95796570,3.344,45622925.8,8.92,511499017.2,38375045051,31988471616,16790.078,206499.4,14723074632,133492308.2,44066175.4,4.2436,32,simsmall,facesim,2.134602696
1.156,2741403441,89934233,3.292,41305529.4,8.201,503568876.2,26620386848,30714395160,11288.04,243775,13995091204,105578886,40652222.6,9.3478,1,simmedium,facesim,1
1.134,2735253487,86696656.2,3.174,37568649.6,7.6664,489777747,27018962388,30613696381,11458.206,223619,13970025601,100934096.8,37075246.8,6.5304,2,simmedium,facesim,1.431428396
1.124,2747826720,87616917,3.192,36168650.2,7.424,487107395.8,27339985671,30776977034,11596.578,204963,14033182554,102342203.2,35971806,5.059,4,simmedium,facesim,1.847756474
1.108,2775980879,88418575.8,3.19,36233469.6,7.4754,484763045.2,27976979396,30998879020,11949.244,191001.8,14158227859,103677312,35031875.8,4.2244,8,simmedium,facesim,2.212811287
1.02,2856286520,89647887.2,3.146,38682026.2,7.7838,496980212.4,30866686253,31474581437,13371.886,198575.6,14413163899,114264727.8,37922571,4.1034,16,simmedium,facesim,2.278062095
0.842,2886697930,93863404.4,3.252,46434525,9.0644,512281161.6,37987054972,31964127311,16566.768,195515.8,14693099116,129338653.4,45935654.2,4.2586,32,simmedium,facesim,2.195040624
1.188,2654571686,90786421.2,3.422,41053282.2,8.3196,493432015.6,25549859506,30346789080,10828.786,206247,13803739485,102008529,40906012.6,9.001,1,simlarge,facesim,1
1.144,2655629910,90316819,3.404,37412455.4,7.67,487604901.2,26662732742,30471346333,11288.388,224272,13887313972,103192132.8,35784108,6.455,2,simlarge,facesim,1.394422928
1.142,2731074207,88117830.8,3.23,34764719.4,7.1932,483229389.4,26936993259,30748868396,11428.51,197941,14010424031,103109648.8,34708510.4,4.9522,4,simlarge,facesim,1.817576027
1.11,2730673278,89390509.8,3.276,35735758,7.2646,491847511,27826325004,30896295035,11844.84,209124.4,14103141621,107192830,35196287.2,4.3096,8,simlarge,facesim,2.088592909
0.99,2747694778,91813459.2,3.344,39020243,7.7712,502218521.2,31804597880,31508717899,13749.014,209442.2,14377122939,120205360.2,38144733,4.181,16,simlarge,facesim,2.15283425
0.856,2902886742,95595053,3.296,45439231.4,8.8406,514099969.4,37396439268,32005172380,16316.586,204104.4,14742833474,132115697.2,44048166.4,4.2164,32,simlarge,facesim,2.13475951
